unique_key,created_date,agency,agency_name,complaint_type,descriptor,descriptor_2,location_type,incident_zip,incident_address,street_name,council_district,bbl,borough,latitude,longitude
42111610,2019-04-01T07:18:41.000,DOHMH,Department of Health and Mental Hygiene,Mobile Food Vendor,Permit/License/Certificate,Unlicensed/Unpermitted Vendor,Green Cart Vendor,10025.0,2521 BROADWAY,BROADWAY,6.0,1012420010.0,MANHATTAN,40.79344907269756,-73.97267528195327
62142590,2024-08-16T07:42:35.000,DSNY,Department of Sanitation,Vendor Enforcement,Non-Food Vendor,In Prohibited Area,Street,11249.0,41 NORTH    6 STREET,NORTH    6 STREET,33.0,3023250001.0,BROOKLYN,40.71965635643888,-73.96211386940763
41926287,2019-03-11T03:24:40.000,DOHMH,Department of Health and Mental Hygiene,Mobile Food Vendor,Garbage,Garbage Improperly Stored,Mobile Food Vendor,10452.0,1508 MACOMBS ROAD,MACOMBS ROAD,14.0,2028650015.0,BRONX,40.84342895805744,-73.91766787991108
51459212,2021-08-07T16:52:01.000,DOHMH,Department of Health and Mental Hygiene,Mobile Food Vendor,Food Source/Protection,Food Contaminated,Mobile Food Vendor,11220.0,5 AVENUE,5 AVENUE,38.0,,BROOKLYN,40.64398589696344,-74.01148411369388
67229610,2025-12-18T08:08:40.000,DSNY,Department of Sanitation,Vendor Enforcement,Food Vendor,Unlicensed,Street,10172.0,EAST   47 STREET,EAST   47 STREET,4.0,,MANHATTAN,40.75530056250419,-73.97534387376678
64677727,2025-04-17T09:11:39.000,DSNY,Department of Sanitation,Vendor Enforcement,Non-Food Vendor,In Prohibited Area,Street,11354.0,39-01 MAIN STREET,MAIN STREET,20.0,4049800005.0,QUEENS,40.76016833864922,-73.83042294583589
46909331,2020-07-19T15:44:51.000,DPR,Department of Parks and Recreation,Violation of Park Rules,Unlicensed Vendors,Ice Cream Truck/Cart,Park,11235.0,BRIGHTON    2 STREET,BRIGHTON    2 STREET,48.0,,BROOKLYN,40.575542389709724,-73.96486301544192
65622742,2025-07-21T07:33:56.000,DSNY,Department of Sanitation,Vendor Enforcement,Food Vendor,In Prohibited Area,Street,10007.0,55 CHURCH STREET,CHURCH STREET,1.0,1000800004.0,MANHATTAN,40.711452531399594,-74.0105037926806
58760141,2023-09-08T13:39:10.000,DSNY,Department of Sanitation,Vendor Enforcement,Non-Food Vendor,Unlicensed,Street,10019.0,1619 BROADWAY,BROADWAY,3.0,1010210019.0,MANHATTAN,40.76105786456666,-73.98433004028819
64975670,2025-05-17T11:43:56.000,DPR,Department of Parks and Recreation,Violation of Park Rules,Unlicensed Vendors,Food,Park,10028.0,1000 5 AVENUE,5 AVENUE,6.0,1011110001.0,MANHATTAN,40.77863290127972,-73.96254609596876
65417966,2025-06-29T21:53:17.000,DSNY,Department of Sanitation,Vendor Enforcement,Food Vendor,In Prohibited Area,Street,10001.0,368 10 AVENUE,10 AVENUE,3.0,1007297507.0,MANHATTAN,40.75278901295901,-74.00044033581453
63105821,2024-11-16T15:33:26.000,DSNY,Department of Sanitation,Vendor Enforcement,Non-Food Vendor,Unlicensed,Street,11237.0,1448 MYRTLE AVENUE,MYRTLE AVENUE,37.0,3033080019.0,BROOKLYN,40.69895896894032,-73.91680765156046
64534625,2025-04-02T15:06:42.000,DSNY,Department of Sanitation,Vendor Enforcement,Food Vendor,Unlicensed,Street,10021.0,924 MADISON AVENUE,MADISON AVENUE,4.0,1013880117.0,MANHATTAN,40.77274064452245,-73.96474813837989
65047090,2025-05-24T22:36:58.000,DSNY,Department of Sanitation,Vendor Enforcement,Food Vendor,In Prohibited Area,Street,11201.0,20 OLD FULTON STREET,OLD FULTON STREET,33.0,3002010005.0,BROOKLYN,40.7027848978745,-73.9941500904659
66167378,2025-09-15T11:24:02.000,DSNY,Department of Sanitation,Vendor Enforcement,Food Vendor,In Prohibited Area,Street,10001.0,450 WEST   33 STREET,WEST   33 STREET,3.0,1007297507.0,MANHATTAN,40.753563026171726,-73.99881252322709
57380967,2023-04-21T08:48:00.000,DSNY,Department of Sanitation,Vendor Enforcement,Food Vendor,Unlicensed,Street,11232.0,4301 5 AVENUE,5 AVENUE,38.0,,BROOKLYN,40.6489351422054,-74.00632087530622
63757847,2025-01-13T14:14:34.000,DSNY,Department of Sanitation,Vendor Enforcement,Non-Food Vendor,Unlicensed,Street,10033.0,OVERLOOK TERRACE,OVERLOOK TERRACE,10.0,,MANHATTAN,40.85382125851575,-73.93635434371556
65665718,2025-07-25T09:34:49.000,DSNY,Department of Sanitation,Vendor Enforcement,Food Vendor,In Prohibited Area,Street,10007.0,185 BROADWAY,BROADWAY,1.0,1000637501.0,MANHATTAN,40.71060169121596,-74.01009967173421
66714997,2025-11-03T15:28:50.000,DSNY,Department of Sanitation,Vendor Enforcement,Non-Food Vendor,In Prohibited Area,Street,11214.0,2201 86 STREET,86 STREET,43.0,3063480001.0,BROOKLYN,40.60188394892832,-73.99368718025208
64834143,2025-05-03T14:56:07.000,DSNY,Department of Sanitation,Vendor Enforcement,Non-Food Vendor,Unlicensed,Street,10019.0,1619 BROADWAY,BROADWAY,3.0,1010210019.0,MANHATTAN,40.76105786456666,-73.98433004028819
56168260,2022-12-05T14:10:10.000,DOHMH,Department of Health and Mental Hygiene,Mobile Food Vendor,Permit/License/Certificate,Unlicensed/Unpermitted Vendor,Mobile Food Vendor,10451.0,300 CANAL PLACE,CANAL PLACE,8.0,2023400072.0,BRONX,40.81315316350118,-73.9275785284788
58826286,2023-09-15T21:37:04.000,DSNY,Department of Sanitation,Vendor Enforcement,Food Vendor,In Prohibited Area,Street,11040.0,76-03 270 STREET,270 STREET,23.0,4085480060.0,QUEENS,40.7530658621435,-73.70660103511523
23607054,2012-07-12T16:35:49.000,DPR,Department of Parks and Recreation,Violation of Park Rules,Unlicensed Vendors,Ice Cream Truck/Cart,Park,10030.0,,,7.0,,MANHATTAN,40.82325960395389,-73.94292334560629
58714490,2023-09-04T10:35:26.000,DPR,Department of Parks and Recreation,Violation of Park Rules,Unlicensed Vendors,Accessories/Merchandise,Park,11235.0,817 BOARDWALK WEST,BOARDWALK WEST,47.0,3086970004.0,BROOKLYN,40.57341012025618,-73.97759238366339
61259317,2024-05-24T14:01:40.000,DSNY,Department of Sanitation,Vendor Enforcement,Non-Food Vendor,Unlicensed,Street,11355.0,41-33 KISSENA BOULEVARD,KISSENA BOULEVARD,20.0,4050447501.0,QUEENS,40.75802483593421,-73.82866691784011
62395220,2024-09-10T07:15:43.000,DSNY,Department of Sanitation,Vendor Enforcement,Food Vendor,Unlicensed,Street,10007.0,189 BROADWAY,BROADWAY,1.0,1000630013.0,MANHATTAN,40.710255892218875,-74.00961988741942
66040763,2025-09-03T15:45:23.000,DSNY,Department of Sanitation,Vendor Enforcement,Food Vendor,Unlicensed,Street,11232.0,4309 8 AVENUE,8 AVENUE,38.0,3007330007.0,BROOKLYN,40.64492244165695,-73.99975136022435
50287776,2021-04-15T11:06:24.000,DOHMH,Department of Health and Mental Hygiene,Mobile Food Vendor,Food Temperature,Bad Food-Improper Temperature,Mobile Food Vendor,11354.0,40-17 MAIN STREET,MAIN STREET,20.0,4050190005.0,QUEENS,40.7591026030726,-73.82989864889562
61945595,2024-07-28T04:54:28.000,DSNY,Department of Sanitation,Vendor Enforcement,Food Vendor,Unlicensed,Street,11222.0,765 MANHATTAN AVENUE,MANHATTAN AVENUE,33.0,3026190003.0,BROOKLYN,40.72677819081974,-73.95251641015093
64887802,2025-05-08T13:08:37.000,DSNY,Department of Sanitation,Vendor Enforcement,Food Vendor,In Prohibited Area,Street,10036.0,400 WEST   43 STREET,WEST   43 STREET,3.0,1010520001.0,MANHATTAN,40.759302059008384,-73.99263628771575
61430626,2024-06-09T21:40:25.000,DSNY,Department of Sanitation,Vendor Enforcement,Food Vendor,In Prohibited Area,Street,11201.0,53 WATER STREET,WATER STREET,33.0,3000260050.0,BROOKLYN,40.70330079139552,-73.99210147901977
58444751,2023-08-07T10:50:37.000,DSNY,Department of Sanitation,Vendor Enforcement,Food Vendor,Unlicensed,Street,10462.0,640 PELHAM PARKWAY,PELHAM PARKWAY,13.0,2043170050.0,BRONX,40.85660720125765,-73.86834007985136
60523086,2024-03-08T07:59:19.000,DSNY,Department of Sanitation,Vendor Enforcement,Food Vendor,In Prohibited Area,Street,10001.0,441 8 AVENUE,8 AVENUE,3.0,,MANHATTAN,40.751218871645,-73.99418192948342
61121358,2024-05-10T19:31:49.000,DOHMH,Department of Health and Mental Hygiene,Mobile Food Vendor,Food Source/Protection,Food Not Protected,Mobile Food Vendor,10025.0,601 WEST  115 STREET,WEST  115 STREET,7.0,1018960065.0,MANHATTAN,40.80742301620198,-73.96457082955617
66192665,2025-09-18T10:04:06.000,DSNY,Department of Sanitation,Vendor Enforcement,Food Vendor,Unlicensed,Street,10017.0,EAST   46 STREET,EAST   46 STREET,4.0,,MANHATTAN,40.753993810528534,-73.97418935732308
61966511,2024-07-30T11:06:09.000,DSNY,Department of Sanitation,Vendor Enforcement,Food Vendor,In Prohibited Area,Street,10003.0,454 LAFAYETTE STREET,LAFAYETTE STREET,2.0,1005457503.0,MANHATTAN,40.72995509867461,-73.99126485478797
61289765,2024-05-28T15:01:15.000,DSNY,Department of Sanitation,Vendor Enforcement,Food Vendor,In Prohibited Area,Street,11201.0,2 WATER STREET,WATER STREET,33.0,3000350012.0,BROOKLYN,40.703100547891474,-73.99418973558447
66545861,2025-10-20T09:47:20.000,DSNY,Department of Sanitation,Vendor Enforcement,Food Vendor,In Prohibited Area,Street,10017.0,24 EAST   41 STREET,EAST   41 STREET,4.0,1012750060.0,MANHATTAN,40.75230697944738,-73.98018864084604
61383402,2024-06-05T16:02:28.000,DSNY,Department of Sanitation,Vendor Enforcement,Food Vendor,Unlicensed,Street,10028.0,1146 MADISON AVENUE,MADISON AVENUE,4.0,1014967501.0,MANHATTAN,40.78008379743263,-73.95938944957118
62986885,2024-11-04T10:13:27.000,DOHMH,Department of Health and Mental Hygiene,Mobile Food Vendor,Equipment,Dirty Equipment/Utensils,Mobile Food Vendor,10452.0,1425 GRAND CONCOURSE,GRAND CONCOURSE,16.0,2028330020.0,BRONX,40.83929782040387,-73.91344099266091
60110600,2024-01-22T12:21:09.000,DSNY,Department of Sanitation,Vendor Enforcement,Food Vendor,Unlicensed,Street,10022.0,136 EAST   56 STREET,EAST   56 STREET,4.0,1013100059.0,MANHATTAN,40.76034135397895,-73.96985884405764
55147811,2022-08-19T10:07:49.000,DPR,Department of Parks and Recreation,Violation of Park Rules,Unlicensed Vendors,Accessories/Merchandise,Park,10003.0,3 WASHINGTON SQUARE NORTH,WASHINGTON SQUARE NORTH,1.0,1005500001.0,MANHATTAN,40.73090778826059,-73.99593364337622
66952897,2025-11-25T13:32:22.000,DSNY,Department of Sanitation,Vendor Enforcement,Food Vendor,In Prohibited Area,Street,10472.0,1164 ELDER AVENUE,ELDER AVENUE,18.0,2037400035.0,BRONX,40.82757976034732,-73.87892687834861
64237159,2025-03-02T13:24:14.000,DSNY,Department of Sanitation,Vendor Enforcement,Non-Food Vendor,In Prohibited Area,Street,10017.0,380 MADISON AVENUE,MADISON AVENUE,4.0,1012820017.0,MANHATTAN,40.75551505690202,-73.97731094887098
58467306,2023-08-10T10:06:54.000,DSNY,Department of Sanitation,Vendor Enforcement,Food Vendor,Unlicensed,Street,10028.0,1000 5 AVENUE,5 AVENUE,6.0,1011110001.0,MANHATTAN,40.77863290127972,-73.96254609596876
67034363,2025-12-03T15:33:57.000,DSNY,Department of Sanitation,Vendor Enforcement,Food Vendor,Unlicensed,Street,10021.0,850 MADISON AVENUE,MADISON AVENUE,4.0,1013847502.0,MANHATTAN,40.77035049733867,-73.9664931601123
58131569,2023-07-07T23:34:35.000,DOHMH,Department of Health and Mental Hygiene,Mobile Food Vendor,Food Temperature,Bad Food-Improper Temperature,Mobile Food Vendor,11372.0,90 STREET,90 STREET,21.0,,QUEENS,40.74841627352965,-73.87647943404744
57853123,2023-06-10T14:55:19.000,DSNY,Department of Sanitation,Vendor Enforcement,Food Vendor,Unlicensed,Street,11220.0,4714 5 AVENUE,5 AVENUE,38.0,3007650040.0,BROOKLYN,40.646654069841574,-74.00872423942718
64729065,2025-04-22T11:47:52.000,DSNY,Department of Sanitation,Vendor Enforcement,Food Vendor,In Prohibited Area,Street,10004.0,28 BROADWAY,BROADWAY,1.0,1000220013.0,MANHATTAN,40.70574588128184,-74.01328370769053
62852768,2024-10-23T16:05:19.000,DSNY,Department of Sanitation,Vendor Enforcement,Non-Food Vendor,Unlicensed,Street,11233.0,1872 FULTON STREET,FULTON STREET,41.0,3017030034.0,BROOKLYN,40.67902910609545,-73.92466326725277
63680094,2025-01-08T10:09:35.000,DSNY,Department of Sanitation,Vendor Enforcement,Non-Food Vendor,In Prohibited Area,Street,10004.0,42 BROADWAY,BROADWAY,1.0,1000220020.0,MANHATTAN,40.70627017391471,-74.01290870587448
66485596,2025-10-14T13:48:34.000,DSNY,Department of Sanitation,Vendor Enforcement,Food Vendor,Unlicensed,Street,10065.0,786 MADISON AVENUE,MADISON AVENUE,4.0,1013810056.0,MANHATTAN,40.76837469364177,-73.96793099580859
56205838,2022-12-09T15:08:16.000,DOHMH,Department of Health and Mental Hygiene,Mobile Food Vendor,Permit/License/Certificate,No Food Protection Certificate,Mobile Food Vendor,11237.0,1451 MYRTLE AVENUE,MYRTLE AVENUE,37.0,3033000063.0,BROOKLYN,40.69886367651282,-73.91788608172267
62737672,2024-10-12T10:58:28.000,DSNY,Department of Sanitation,Vendor Enforcement,Non-Food Vendor,In Prohibited Area,Street,10458.0,2334 WEBSTER AVENUE,WEBSTER AVENUE,15.0,2030310017.0,BRONX,40.857359013967994,-73.89485452889082
58566244,2023-08-20T09:34:20.000,DSNY,Department of Sanitation,Vendor Enforcement,Non-Food Vendor,Unlicensed,Street,10467.0,ALLERTON AVENUE,ALLERTON AVENUE,12.0,,BRONX,40.86543029648311,-73.86736090787606
65296872,2025-06-18T12:30:36.000,DSNY,Department of Sanitation,Vendor Enforcement,Food Vendor,Unlicensed,Street,10004.0,22 WATER STREET,WATER STREET,1.0,1000070031.0,MANHATTAN,40.703015050767064,-74.01131395166547
61853998,2024-07-19T08:21:16.000,DSNY,Department of Sanitation,Vendor Enforcement,Food Vendor,Improper Trash Storage,Street,11377.0,61-19 ROOSEVELT AVENUE,ROOSEVELT AVENUE,26.0,4012310050.0,QUEENS,40.74569932260451,-73.90260589769778
65644242,2025-07-23T10:43:40.000,DSNY,Department of Sanitation,Vendor Enforcement,Food Vendor,In Prohibited Area,Street,10006.0,75 BROADWAY,BROADWAY,1.0,1000490001.0,MANHATTAN,40.70749993508218,-74.01191705811951
66506612,2025-10-16T14:35:59.000,DPR,Department of Parks and Recreation,Violation of Park Rules,Unlicensed Vendors,Food,Park,10010.0,2 MADISON AVENUE,MADISON AVENUE,3.0,1008520001.0,MANHATTAN,40.74100517194248,-73.98790734144528
62170853,2024-08-19T12:50:51.000,DOHMH,Department of Health and Mental Hygiene,Mobile Food Vendor,Food Worker Activity,Bare Hands in Contact w/Food,Mobile Food Vendor,10019.0,1 WEST   54 STREET,WEST   54 STREET,4.0,1012700034.0,MANHATTAN,40.76125127668166,-73.97585425808583
54997420,2022-08-02T19:19:46.000,DOHMH,Department of Health and Mental Hygiene,Mobile Food Vendor,Smoke/Odor,From Unit Creating Nuisance,Mobile Food Vendor,10453.0,1901 GRAND CONCOURSE,GRAND CONCOURSE,14.0,2028060033.0,BRONX,40.84950560755094,-73.90667932595302
59432103,2023-11-14T16:09:39.000,DOHMH,Department of Health and Mental Hygiene,Mobile Food Vendor,Food Worker Activity,Bare Hands in Contact w/Food,Mobile Food Vendor,11201.0,30 WASHINGTON STREET,WASHINGTON STREET,33.0,3000270040.0,BROOKLYN,40.70353115007899,-73.9895695882966
65444310,2025-07-02T11:14:10.000,DOHMH,Department of Health and Mental Hygiene,Mobile Food Vendor,Smoke/Odor,From Unit Creating Nuisance,Mobile Food Vendor,10036.0,199 WEST   41 STREET,WEST   41 STREET,3.0,,MANHATTAN,40.75532995039086,-73.98731640097103
51159041,2021-07-09T15:09:59.000,DOHMH,Department of Health and Mental Hygiene,Mobile Food Vendor,Permit/License/Certificate,Unlicensed/Unpermitted Vendor,Mobile Food Vendor,10023.0,1880 BROADWAY,BROADWAY,3.0,1011147503.0,MANHATTAN,40.7704473040446,-73.98212556809227
58335443,2023-07-27T09:02:20.000,DSNY,Department of Sanitation,Vendor Enforcement,Non-Food Vendor,Unlicensed,Street,10018.0,601 8 AVENUE,8 AVENUE,3.0,1007630034.0,MANHATTAN,40.755514199378474,-73.99105576400845
61282336,2024-05-27T12:24:34.000,DSNY,Department of Sanitation,Vendor Enforcement,Non-Food Vendor,In Prohibited Area,Street,11217.0,FOURTH AVENUE,FOURTH AVENUE,35.0,,BROOKLYN,40.68485686852235,-73.97804169469934
61194656,2024-05-18T09:39:54.000,DSNY,Department of Sanitation,Vendor Enforcement,Non-Food Vendor,In Prohibited Area,Street,10006.0,31 BROADWAY,BROADWAY,1.0,1000200001.0,MANHATTAN,40.70605605948591,-74.01311064407483
43696645,2019-09-01T09:48:23.000,DOHMH,Department of Health and Mental Hygiene,Mobile Food Vendor,Placement,On Sidewalk Less Than 12 ft Wide,Food Cart Vendor,10019.0,COLUMBUS CIRCLE,COLUMBUS CIRCLE,3.0,,MANHATTAN,40.76771626077605,-73.98195301535783
25675306,2013-06-05T15:11:37.000,DPR,Department of Parks and Recreation,Violation of Park Rules,Unlicensed Vendors,Food,Park,10451.0,,,17.0,,BRONX,,
65711332,2025-07-30T11:52:23.000,DOHMH,Department of Health and Mental Hygiene,Mobile Food Vendor,Food Worker Activity,Hair Restraint Not Worn,Mobile Food Vendor,10017.0,595 5 AVENUE,5 AVENUE,4.0,1012840001.0,MANHATTAN,40.75721962320148,-73.97771824741936
59770919,2023-12-17T16:36:02.000,DOHMH,Department of Health and Mental Hygiene,Mobile Food Vendor,Insects / Pests,Vermin/Insects/Pests Present,Mobile Food Vendor,11201.0,7 EVERIT STREET,EVERIT STREET,33.0,3002010004.0,BROOKLYN,40.70253513253691,-73.99431601548454
60733738,2024-03-31T14:18:14.000,DSNY,Department of Sanitation,Vendor Enforcement,Food Vendor,Unlicensed,Street,10009.0,AVENUE A,AVENUE A,2.0,,MANHATTAN,40.73044231804128,-73.98033946526458
64555552,2025-04-04T06:52:25.000,DSNY,Department of Sanitation,Vendor Enforcement,Food Vendor,In Prohibited Area,Street,10007.0,189 BROADWAY,BROADWAY,1.0,1000630013.0,MANHATTAN,40.710255892218875,-74.00961988741942
57916172,2023-06-16T05:57:17.000,DSNY,Department of Sanitation,Vendor Enforcement,Food Vendor,Unlicensed,Street,11412.0,112-31 FARMERS BOULEVARD,FARMERS BOULEVARD,27.0,4109680099.0,QUEENS,40.70010495946165,-73.76361805032329
65607041,2025-07-19T22:40:29.000,DOHMH,Department of Health and Mental Hygiene,Mobile Food Vendor,Smoke/Odor,From Unit Creating Nuisance,Mobile Food Vendor,10036.0,212 WEST   42 STREET,WEST   42 STREET,3.0,1010130029.0,MANHATTAN,40.7562933851082,-73.98758332051118
61265918,2024-05-25T16:46:44.000,DPR,Department of Parks and Recreation,Violation of Park Rules,Unlicensed Vendors,Other,Park,10468.0,2550 JEROME AVENUE,JEROME AVENUE,14.0,2031760001.0,BRONX,40.86526206336536,-73.89911184053967
62856316,2024-10-23T11:15:27.000,DOHMH,Department of Health and Mental Hygiene,Mobile Food Vendor,Food Worker Activity,Bare Hands in Contact w/Food,Mobile Food Vendor,11201.0,7 EVERIT STREET,EVERIT STREET,33.0,3002010004.0,BROOKLYN,40.70253513253691,-73.99431601548454
62489386,2024-09-18T11:50:52.000,DOHMH,Department of Health and Mental Hygiene,Mobile Food Vendor,Equipment,Dirty Equipment/Utensils,Mobile Food Vendor,10019.0,1 WEST   54 STREET,WEST   54 STREET,4.0,1012700034.0,MANHATTAN,40.76125127668166,-73.97585425808583
54007820,2022-04-25T21:03:40.000,DOHMH,Department of Health and Mental Hygiene,Mobile Food Vendor,Food Source/Protection,Food Contaminated,Mobile Food Vendor,10001.0,92 WEST   32 STREET,WEST   32 STREET,3.0,1008330078.0,MANHATTAN,40.74845174752439,-73.98858810491777
62448228,2024-09-15T13:54:04.000,DSNY,Department of Sanitation,Vendor Enforcement,Food Vendor,Unlicensed,Street,11233.0,152 SARATOGA AVENUE,SARATOGA AVENUE,41.0,3015140134.0,BROOKLYN,40.68135681280081,-73.91689090309484
43058933,2019-06-22T12:21:17.000,DPR,Department of Parks and Recreation,Violation of Park Rules,Unlicensed Vendors,Ice Cream Truck/Cart,Park,10463.0,,,,,Unspecified,,
65732639,2025-08-01T13:28:06.000,DSNY,Department of Sanitation,Vendor Enforcement,Food Vendor,Unlicensed,Street,10017.0,5 AVENUE,5 AVENUE,4.0,,MANHATTAN,40.75478269679495,-73.97993524527216
61453010,2024-06-11T17:58:34.000,DOHMH,Department of Health and Mental Hygiene,Mobile Food Vendor,Food Temperature,Bad Food-Improper Temperature,Mobile Food Vendor,10003.0,253 1 AVENUE,1 AVENUE,2.0,1009210036.0,MANHATTAN,40.731836938452446,-73.9820854105702
60727159,2024-03-30T16:54:45.000,DSNY,Department of Sanitation,Vendor Enforcement,Food Vendor,In Prohibited Area,Street,10458.0,327 EAST FORDHAM ROAD,EAST FORDHAM ROAD,15.0,2032930001.0,BRONX,40.862087127515586,-73.8937552497528
53113061,2022-01-19T12:06:45.000,DOHMH,Department of Health and Mental Hygiene,Mobile Food Vendor,Garbage,Garbage Improperly Stored,Mobile Food Vendor,11106.0,31-15 BROADWAY,BROADWAY,22.0,4006130001.0,QUEENS,40.76188550447098,-73.92517960640929
65875347,2025-08-17T19:24:10.000,DSNY,Department of Sanitation,Vendor Enforcement,Food Vendor,In Prohibited Area,Street,11369.0,94-00 DITMARS BOULEVARD,DITMARS BOULEVARD,21.0,4010710001.0,QUEENS,40.76919359400341,-73.87609431847574
61308889,2024-05-29T06:53:50.000,DOHMH,Department of Health and Mental Hygiene,Mobile Food Vendor,Equipment,Dirty Equipment/Utensils,Mobile Food Vendor,11201.0,108 WASHINGTON STREET,WASHINGTON STREET,33.0,3000450008.0,BROOKLYN,40.70084129444496,-73.98973230152957
62878652,2024-10-26T17:42:38.000,DOHMH,Department of Health and Mental Hygiene,Mobile Food Vendor,Smoke/Odor,From Unit Creating Nuisance,Mobile Food Vendor,11355.0,FRANKLIN AVENUE,FRANKLIN AVENUE,20.0,,QUEENS,40.75425229313665,-73.82782480359295
62718261,2024-10-10T05:27:44.000,DSNY,Department of Sanitation,Vendor Enforcement,Food Vendor,In Prohibited Area,Street,10281.0,230 VESEY STREET,VESEY STREET,1.0,1000160150.0,MANHATTAN,40.71449589369315,-74.01560490453926
59427060,2023-11-14T13:12:09.000,DSNY,Department of Sanitation,Vendor Enforcement,Non-Food Vendor,In Prohibited Area,Street,10022.0,674 LEXINGTON AVENUE,LEXINGTON AVENUE,4.0,1013100059.0,MANHATTAN,40.76011899663558,-73.96973260492139
34330842,2016-09-15T14:13:15.000,DPR,Department of Parks and Recreation,Violation of Park Rules,Unlicensed Vendors,Ice Cream Truck/Cart,Park,11421.0,,,32.0,,QUEENS,,
60964675,2024-04-24T15:06:18.000,DSNY,Department of Sanitation,Vendor Enforcement,Food Vendor,Unlicensed,Street,10310.0,1126 FOREST AVENUE,FOREST AVENUE,50.0,5003520038.0,STATEN ISLAND,40.62678016969558,-74.12740590005733
65837386,2025-08-12T21:26:58.000,DSNY,Department of Sanitation,Vendor Enforcement,Food Vendor,In Prohibited Area,Street,10022.0,969 2 AVENUE,2 AVENUE,4.0,1013250024.0,MANHATTAN,40.75574886726393,-73.96790097960738
61778957,2024-07-12T07:12:36.000,DSNY,Department of Sanitation,Vendor Enforcement,Food Vendor,In Prohibited Area,Street,10007.0,189 BROADWAY,BROADWAY,1.0,1000630013.0,MANHATTAN,40.710255892218875,-74.00961988741942
59578482,2023-11-26T21:11:13.000,DOHMH,Department of Health and Mental Hygiene,Mobile Food Vendor,Smoke/Odor,From Unit Creating Nuisance,Mobile Food Vendor,10025.0,601 WEST  115 STREET,WEST  115 STREET,7.0,1018960065.0,MANHATTAN,40.80742301620198,-73.96457082955617
63451233,2024-12-18T09:14:36.000,DSNY,Department of Sanitation,Vendor Enforcement,Food Vendor,In Prohibited Area,Street,10022.0,68 EAST   51 STREET,EAST   51 STREET,4.0,,MANHATTAN,40.758108199679256,-73.9742599549877
61537855,2024-06-19T12:40:20.000,DSNY,Department of Sanitation,Vendor Enforcement,Non-Food Vendor,Unlicensed,Street,11416.0,74-02 101 AVENUE,101 AVENUE,32.0,4090760001.0,QUEENS,40.67938962126931,-73.86317378393736
59958737,2024-01-08T10:59:15.000,DSNY,Department of Sanitation,Vendor Enforcement,Non-Food Vendor,Unlicensed,Street,10461.0,1727 CROSBY AVENUE,CROSBY AVENUE,13.0,2041690027.0,BRONX,40.84587416718606,-73.83152731999957
66733728,2025-11-05T17:43:19.000,DSNY,Department of Sanitation,Vendor Enforcement,Food Vendor,Unlicensed,Street,10021.0,945 MADISON AVENUE,MADISON AVENUE,4.0,1013890050.0,MANHATTAN,40.77345685197347,-73.96419897382451
39962435,2018-08-09T22:22:03.000,DOHMH,Department of Health and Mental Hygiene,Mobile Food Vendor,Permit/License/Certificate,Unlicensed/Unpermitted Vendor,Green Cart Vendor,11201.0,81 COURT STREET,COURT STREET,33.0,3002690027.0,BROOKLYN,40.6915037376325,-73.99148264580296
